Client_ID,Name,Age,Location,Income,TAX,previous sales_# ,Type_of_Products,Contact_Channel,Contact_hour,Num_Contacts,Satisfaction_Score,Sales
1,,51,FL,80000,12000,1,B,Email,5:30:00 AM,1,4,0
2,,40,CA,82579,12387,5,A,Phone,4:45:00 PM,2,4,1
3,,25,NY,58380,8757,3,C,Online Chat,6:30:00 AM,4,5,1
4,,57,IL,75000,11250,0,A,Email,5:30:00 AM,3,2,0
5,,61,CA,50049,7507,0,B,Email,9:00:00 AM,1,4,0
6,,36,IL,46082,6912,0,C,Phone,7:45:00 AM,5,2,0
7,,59,CA,90000,13500,9,A,Phone,10:00:00 AM,1,2,0
8,,58,FL,67412,10112,4,A,Online Chat,8:30:00 AM,2,4,1
9,,54,TX,83000,12450,4,A,Phone,10:00:00 AM,5,1,1
10,,23,CA,25550,3833,2,B,Online Chat,5:30:00 AM,6,2,0
11,,43,NY,90000,13500,6,C,Email,10:30:00 AM,1,5,0
12,,51,CA,75500,11325,1,C,Phone,12:15:00 PM,1,3,1
13,,125,FL,46309,6946,4,A,Phone,1:45:00 PM,1,4,1
14,,23,FL,15000,2250,4,C,Phone,5:30:00 AM,4,2,0
15,,54,FL,60027,9004,0,C,Online Chat,4:30:00 PM,1,2,0
16,,50,CA,89321,13398,2,C,Email,12:15:00 PM,4,4,0
17,,39,TX,30956,4643,1,B,Online Chat,11:00:00 AM,2,3,0
18,,38,NY,77908,11686,2,A,Online Chat,3:00:00 PM,1,4,1
19,,23,FL,55963,8394,4,A,Email,10:45:00 AM,5,3,0
20,,23,IL,69443,10416,0,C,Email,9:00:00 AM,4,3,0
21,,40,IL,69063,10359,0,C,Phone,3:45:00 PM,2,2,0
22,,47,TX,86000,12900,9,B,Phone,6:00:00 AM,2,2,0
23,,28,FL,25550,3833,0,A,Online Chat,5:30:00 AM,4,2,0
24,,47,CA,55849,8377,2,A,Phone,1:00:00 PM,3,3,1
25,,48,IL,61860,9279,4,B,Phone,12:15:00 PM,1,2,0
26,,41,TX,61585,9238,3,B,Email,7:00:00 AM,5,1,0
27,,26,FL,52015,7802,3,C,Email,12:45:00 PM,2,3,0
28,,40,FL,73585,11038,1,B,Phone,5:30:00 AM,1,2,0
29,,48,FL,56958,8544,7,A,Email,12:30:00 PM,3,1,0
30,,57,FL,56017,8403,4,B,Phone,8:30:00 AM,2,5,1
31,,54,FL,75350,11303,1,B,Email,4:15:00 PM,1,2,0
32,,53,IL,76520,11478,1,B,Email,11:45:00 AM,2,1,0
33,,41,TX,59426,8914,0,A,Email,2:00:00 PM,3,4,0
34,,48,FL,47778,7167,1,B,Email,7:30:00 AM,7,2,0
35,,23,NY,25550,3833,0,A,Phone,12:45:00 PM,1,1,0
36,,40,NY,72229,10834,0,A,Online Chat,2:00:00 PM,1,3,0
37,,37,TX,78364,11755,1,B,Email,6:15:00 AM,9,3,0
38,,45,CA,87056,13058,5,B,Phone,9:15:00 AM,1,2,0
39,,28,CA,57490,8624,0,C,Phone,11:30:00 AM,3,4,0
40,,21,CA,49975,7496,4,A,Email,5:00:00 PM,1,3,0
41,,32,NY,56723,8508,4,C,Online Chat,10:00:00 AM,3,3,1
42,,23,CA,53279,7992,4,C,Email,5:45:00 PM,4,4,0
43,,47,IL,95411,14312,9,C,Phone,6:00:00 AM,1,5,1
44,,55,FL,96061,14409,0,A,Online Chat,5:30:00 AM,5,3,0
45,,40,NY,25550,3833,1,C,Phone,5:00:00 PM,1,1,0
46,,32,TX,63142,9471,6,B,Email,6:30:00 AM,1,2,0
47,,28,TX,56916,8537,2,C,Online Chat,2:00:00 PM,7,3,0
48,,25,FL,25550,3833,0,A,Phone,5:30:00 AM,2,3,0
49,,43,NY,74965,11245,1,C,Phone,12:15:00 PM,2,5,1
50,,40,FL,34648,5197,0,B,Phone,7:00:00 AM,2,1,0
51,,61,CA,65133,9770,0,B,Email,1:45:00 PM,1,2,0
52,,22,IL,80677,12102,1,B,Online Chat,11:30:00 AM,1,3,0
53,,23,IL,65046,9757,0,B,Email,7:30:00 AM,2,2,0
54,,43,CA,77064,11560,8,B,Email,12:15:00 PM,1,2,0
55,,40,TX,15000,2250,0,C,Email,4:15:00 PM,6,3,0
56,,36,TX,75893,11384,0,C,Online Chat,10:45:00 AM,2,3,0
57,,37,IL,91272,13691,1,C,Email,5:30:00 AM,7,2,0
58,,50,FL,97649,14647,1,C,Email,1:00:00 PM,4,5,0
59,,37,CA,94674,14201,1,A,Email,1:15:00 PM,2,3,0
60,,29,IL,43760,6564,0,C,Email,5:30:00 AM,2,2,0
61,,64,IL,51927,7789,0,B,Phone,12:45:00 PM,1,1,0
62,,40,CA,30000,4500,4,C,Email,5:30:00 AM,9,2,0
63,,43,CA,42588,6388,2,A,Phone,5:30:00 AM,1,2,0
64,,31,TX,82233,12335,1,B,Email,10:45:00 AM,3,1,1
65,,55,FL,74738,11211,5,C,Online Chat,8:30:00 AM,3,2,1
66,,54,FL,63397,9510,0,C,Phone,11:30:00 AM,2,2,0
67,,28,CA,49816,7472,1,C,Phone,8:30:00 AM,5,4,1
68,,53,NY,72240,10836,5,B,Phone,8:30:00 AM,4,5,1
69,,30,IL,36276,5441,2,B,Phone,4:15:00 PM,1,2,0
70,,60,FL,53499,8025,0,A,Online Chat,10:45:00 AM,4,1,0
71,,20,FL,65946,9892,0,B,Email,4:45:00 PM,9,2,0
72,,50,FL,85204,12781,3,B,Phone,7:15:00 AM,2,5,1
73,,23,FL,81886,12283,0,C,Online Chat,9:00:00 AM,6,3,0
74,,27,FL,45563,6834,2,B,Phone,6:45:00 AM,1,3,0
75,,22,CA,39847,5977,0,C,Email,2:30:00 PM,4,1,0
76,,40,IL,56155,8423,5,C,Phone,5:30:00 AM,6,3,0
77,,27,CA,25550,3833,0,C,Online Chat,6:45:00 AM,3,2,0
78,,40,CA,48309,7246,1,A,Email,8:30:00 AM,4,1,1
79,,19,CA,30619,4593,3,C,Online Chat,8:30:00 AM,1,5,1
80,,30,IL,45000,6750,8,B,Email,2:30:00 PM,9,1,0
81,,57,FL,64707,9706,0,A,Email,6:45:00 AM,1,1,0
82,,40,FL,50337,7551,7,C,Email,5:30:00 AM,1,2,0
83,,37,FL,96504,14476,0,C,Phone,10:15:00 AM,9,2,0
84,,40,FL,15000,2250,0,B,Online Chat,5:30:00 AM,5,1,0
85,,54,FL,30281,4542,0,A,Online Chat,5:30:00 AM,2,3,0
86,,26,TX,57420,8613,0,A,Online Chat,5:45:00 AM,6,2,0
87,,34,TX,69030,10355,5,C,Email,11:15:00 AM,1,5,1
88,,26,IL,31058,4659,8,C,Phone,5:30:00 AM,2,4,0
89,,28,NY,58404,8761,10,C,Email,5:30:00 AM,2,2,0
90,,32,CA,59856,8978,0,B,Online Chat,2:45:00 PM,1,1,0
91,,41,FL,75000,11250,4,A,Phone,9:15:00 AM,4,3,1
92,,55,FL,94178,14127,1,A,Phone,8:30:00 AM,1,4,1
93,,52,FL,63997,9600,0,C,Phone,4:00:00 PM,1,2,0
94,,47,IL,55611,8342,0,B,Online Chat,5:30:00 AM,3,3,0
95,,48,IL,71235,10685,4,C,Phone,4:30:00 PM,7,3,0
96,,22,IL,65057,9759,2,A,Phone,5:30:00 AM,1,3,0
97,,40,FL,31239,4686,0,A,Email,5:30:00 AM,2,1,0
98,,31,NY,95661,14349,1,B,Email,5:30:00 AM,2,5,0
99,,28,CA,75272,11291,1,C,Phone,5:15:00 AM,1,3,0
100,,26,IL,40000,6000,0,C,Phone,5:30:00 AM,2,4,0
101,,51,NY,45398,6810,0,A,Email,12:00:00 PM,6,2,0
102,,29,FL,25550,3833,1,C,Email,11:00:00 AM,3,4,1
103,,52,NY,36638,5496,0,A,Email,5:45:00 PM,2,1,0
104,,52,IL,83000,12450,0,A,Online Chat,5:00:00 PM,2,1,0
105,,40,CA,15000,2250,4,C,Online Chat,8:30:00 AM,2,4,0
106,,57,TX,39110,5867,1,A,Phone,1:00:00 PM,5,5,0
107,,39,IL,42115,6317,0,A,Phone,5:00:00 PM,2,1,0
108,,46,CA,69062,10359,3,A,Email,10:45:00 AM,3,1,0
109,,25,FL,52911,7937,0,C,Online Chat,9:00:00 AM,3,4,0
110,,28,NY,62556,9383,0,C,Phone,3:45:00 PM,6,1,0
111,,58,FL,31969,4795,2,B,Phone,8:30:00 AM,1,5,1
112,,54,NY,73753,11063,6,A,Phone,7:45:00 AM,3,5,1
113,,31,FL,34470,5171,6,A,Online Chat,9:15:00 AM,3,5,0
114,,47,CA,40225,6034,0,B,Phone,5:30:00 AM,1,2,0
115,,52,FL,53196,7979,8,B,Phone,8:30:00 AM,1,5,1
116,,38,NY,43669,6550,1,B,Phone,11:00:00 AM,1,2,0
117,,54,IL,67380,10107,4,B,Phone,2:00:00 PM,2,2,1
118,,22,TX,25550,3833,0,A,Online Chat,5:30:00 PM,4,3,0
119,,36,FL,77414,11612,0,B,Online Chat,5:30:00 AM,1,1,0
120,,31,FL,45577,6837,5,C,Phone,7:30:00 AM,1,5,1
121,,43,CA,85409,12811,4,C,Phone,11:00:00 AM,1,1,1
122,,40,CA,58625,8794,3,C,Online Chat,5:00:00 AM,4,4,1
123,,42,FL,54089,8113,0,B,Phone,11:00:00 AM,6,1,0
124,,40,FL,66487,9973,3,C,Phone,7:15:00 AM,3,2,1
125,,59,FL,95838,14376,0,C,Phone,5:30:00 AM,5,1,0
126,,42,CA,80138,12021,6,A,Email,4:15:00 PM,1,1,0
127,,35,NY,72823,10923,0,C,Phone,6:45:00 AM,3,1,0
128,,57,IL,67208,10081,0,A,Email,4:45:00 PM,5,3,0
129,,25,CA,84061,12609,6,C,Phone,6:00:00 AM,2,3,0
130,,56,FL,60659,9099,9,C,Phone,6:30:00 AM,1,4,1
131,,57,NY,61890,9284,1,A,Email,7:45:00 AM,4,2,1
132,,31,TX,77055,11558,0,C,Email,6:00:00 AM,1,1,0
133,,49,TX,49508,7426,0,A,Phone,1:30:00 PM,3,1,0
134,,55,FL,72287,10843,2,A,Phone,8:30:00 AM,3,1,1
135,,50,NY,56984,8548,0,B,Email,8:45:00 AM,4,1,0
136,,40,NY,75000,11250,2,C,Online Chat,6:00:00 AM,9,3,0
137,,32,TX,66059,9909,1,A,Online Chat,8:30:00 AM,5,4,1
138,,50,CA,99569,14935,6,C,Phone,11:15:00 AM,1,5,1
139,,42,CA,47087,7063,0,A,Online Chat,6:00:00 AM,6,2,0
140,,34,FL,35704,5356,0,A,Online Chat,5:30:00 PM,3,1,0
141,,50,TX,90576,13586,1,B,Phone,3:00:00 PM,3,4,1
142,,40,FL,57208,8581,10,B,Phone,8:30:00 AM,1,5,1
143,,49,TX,N/A,N/A,9,C,Phone,8:15:00 AM,1,4,1
144,,31,IL,69882,10482,0,C,Email,4:45:00 PM,4,3,0
145,,57,NY,55923,8388,0,A,Phone,6:00:00 AM,4,2,0
146,,57,NY,59165,8875,1,A,Phone,2:00:00 PM,1,4,1
147,,56,FL,97203,14580,0,C,Email,8:00:00 AM,4,3,0
148,,23,NY,34114,5117,2,C,Online Chat,9:00:00 AM,1,2,0
149,,23,CA,25550,3833,3,C,Online Chat,9:30:00 AM,1,4,0
150,,49,CA,66321,9948,3,C,Online Chat,10:00:00 AM,3,5,1
151,,24,FL,55426,8314,0,A,Phone,9:15:00 AM,1,3,0
152,,25,TX,47772,7166,1,C,Online Chat,6:00:00 AM,2,1,0
153,,59,TX,33712,5057,4,A,Email,4:15:00 PM,2,2,0
154,,32,CA,31367,4705,7,A,Online Chat,4:45:00 PM,9,2,0
155,,49,FL,81924,12289,1,C,Online Chat,8:30:00 AM,4,3,1
156,,46,NY,83000,12450,1,B,Phone,2:15:00 PM,2,4,1
157,,50,IL,57723,8658,2,C,Phone,8:30:00 AM,4,3,1
158,,47,IL,39108,5866,6,A,Email,1:15:00 PM,6,2,0
159,,56,FL,65643,9846,0,B,Phone,4:00:00 PM,2,2,0
160,,44,CA,61324,9199,2,C,Online Chat,5:00:00 PM,3,1,1
161,,53,CA,75000,11250,2,B,Phone,10:45:00 AM,3,1,1
162,,46,FL,52443,7866,5,B,Email,6:00:00 AM,2,2,0
163,,55,FL,93449,14017,4,C,Online Chat,4:15:00 PM,5,5,1
164,,50,TX,90233,13535,2,C,Email,6:15:00 AM,4,5,1
165,,54,NY,55537,8331,0,B,Phone,6:00:00 AM,2,2,0
166,,44,FL,52612,7892,2,B,Phone,2:00:00 PM,4,1,1
167,,50,TX,36471,5471,0,C,Email,10:15:00 AM,2,2,0
168,,49,NY,65631,9845,2,C,Online Chat,10:30:00 AM,2,1,1
169,,39,CA,61348,9202,6,B,Phone,8:30:00 AM,5,2,1
170,,49,IL,25550,3833,2,B,Phone,4:30:00 PM,2,2,0
171,,27,NY,31177,4677,0,C,Online Chat,5:45:00 PM,1,5,0
172,,22,FL,34760,5214,0,C,Phone,11:15:00 AM,2,2,0
173,,27,FL,62779,9417,1,C,Email,6:00:00 AM,8,2,0
174,,50,NY,51636,7745,7,C,Phone,7:45:00 AM,3,2,0
175,,55,FL,83551,12533,0,A,Phone,1:00:00 PM,3,3,0
176,,30,TX,41556,6233,0,B,Online Chat,5:00:00 PM,3,1,0
177,,48,FL,57598,8640,0,C,Email,2:30:00 PM,2,2,0
178,,49,FL,41563,6234,2,A,Online Chat,10:45:00 AM,5,2,0
179,,53,CA,76819,11523,1,B,Phone,2:00:00 PM,2,4,1
180,,49,TX,56966,8545,0,A,Phone,5:15:00 PM,5,5,0
181,,41,NY,89889,13483,0,C,Online Chat,11:30:00 AM,2,1,0
182,,32,TX,56987,8548,2,C,Online Chat,4:00:00 PM,4,3,1
183,,46,CA,88348,13252,0,B,Online Chat,3:00:00 PM,2,1,0
184,,25,FL,54596,8189,0,C,Email,3:30:00 PM,3,5,0
185,,22,FL,63174,9476,3,C,Phone,8:30:00 AM,2,5,1
186,,46,CA,94106,14116,4,B,Online Chat,2:00:00 PM,2,5,1
187,,49,NY,99967,14995,3,A,Phone,6:15:00 AM,2,5,1
188,,49,FL,89182,13377,0,A,Email,8:30:00 AM,6,2,0
189,,29,IL,69310,10397,0,C,Email,6:00:00 AM,2,3,0
190,,49,FL,86088,12913,2,C,Phone,8:30:00 AM,4,5,1
191,,49,IL,38906,5836,5,C,Online Chat,6:00:00 AM,2,2,0
192,,44,CA,66914,10037,10,A,Phone,8:30:00 AM,2,4,1
193,,48,CA,75379,11307,0,C,Email,2:00:00 PM,2,3,0
194,,53,FL,67650,10148,0,A,Email,10:15:00 AM,2,1,0
195,,53,TX,76881,11532,0,A,Online Chat,12:30:00 PM,7,3,0
196,,43,IL,76413,11462,0,B,Email,9:45:00 AM,2,3,0
197,,60,NY,36012,5402,2,A,Online Chat,1:45:00 PM,1,3,0
198,,44,FL,80115,12017,2,A,Email,1:30:00 PM,6,2,0
199,,22,NY,37151,5573,0,B,Email,6:00:00 AM,7,2,0
200,,37,FL,87716,13157,6,C,Online Chat,11:00:00 AM,2,2,1
201,,28,TX,66378,9957,0,C,Email,6:00:00 AM,6,1,0
202,,27,TX,5000,750,8,B,Phone,6:00:00 AM,2,4,0
203,,57,TX,43467,6520,3,A,Phone,2:30:00 PM,6,3,0
204,,55,FL,61010,9152,7,C,Email,9:15:00 AM,4,1,1
205,,23,CA,84691,12704,0,C,Phone,6:00:00 AM,2,1,0
206,,25,CA,94157,14124,5,C,Online Chat,7:15:00 AM,1,2,1
207,,40,IL,42289,6343,3,B,Email,6:15:00 AM,2,2,0
208,,49,FL,74976,11246,0,B,Email,6:00:00 AM,5,3,0
209,,43,FL,73596,11039,1,B,Online Chat,6:45:00 AM,1,4,0
210,,49,FL,53171,7976,1,A,Online Chat,8:30:00 AM,4,2,1
211,,60,CA,74139,11121,5,A,Phone,1:15:00 PM,1,5,1
212,,29,FL,78713,11807,20,C,Email,1:00:00 PM,2,1,0
213,,43,CA,59734,8960,6,B,Online Chat,8:30:00 AM,2,3,1
214,,30,IL,93646,14047,0,B,Online Chat,10:45:00 AM,5,5,0
215,,57,NY,33654,5048,2,A,Phone,10:45:00 AM,3,2,0
216,,35,IL,48743,7311,6,B,Phone,11:45:00 AM,2,4,0
217,,42,TX,78368,11755,6,C,Email,9:30:00 AM,2,1,0
218,,50,TX,75000,11250,4,B,Phone,11:30:00 AM,6,3,0
219,,49,TX,54611,8192,5,A,Phone,9:45:00 AM,5,5,1
220,,57,FL,42149,6322,1,A,Online Chat,11:00:00 AM,5,5,0
221,,60,FL,89189,13378,0,B,Online Chat,8:45:00 AM,3,1,0
222,,29,NY,51675,7751,6,C,Phone,8:30:00 AM,2,4,1
223,,49,TX,72668,10900,2,A,Phone,6:00:00 AM,3,2,0
224,,53,TX,43673,6551,2,C,Phone,10:30:00 AM,1,4,0
225,,40,TX,25550,3833,0,B,Email,2:30:00 PM,6,2,0
226,,22,NY,53669,8050,0,C,Email,9:30:00 AM,6,2,0
227,,54,TX,64068,9610,0,A,Email,3:15:00 PM,3,1,0
228,,25,NY,39435,5915,0,C,Phone,9:15:00 AM,2,1,0
229,,59,FL,82249,12337,0,A,Phone,6:00:00 AM,2,2,0
230,,45,IL,67384,10108,4,B,Email,1:15:00 PM,3,2,0
231,,48,IL,61401,9210,0,B,Email,8:00:00 AM,5,1,0
232,,26,NY,64084,9613,0,B,Phone,11:30:00 AM,7,2,0
233,,46,IL,85826,12874,4,A,Online Chat,7:45:00 AM,5,2,0
234,,31,NY,66451,9968,9,A,Email,4:45:00 PM,3,2,0
235,,57,IL,83000,12450,0,B,Phone,6:00:00 AM,4,3,0
236,,58,IL,61910,9287,2,B,Phone,5:15:00 PM,3,2,0
237,,39,NY,66041,9906,0,A,Online Chat,10:30:00 AM,7,3,0
238,,28,FL,95681,14352,8,A,Phone,8:30:00 AM,5,2,1
239,,40,IL,95481,14322,0,A,Phone,6:00:00 AM,6,1,0
240,,40,TX,98576,14786,1,C,Online Chat,9:30:00 AM,5,5,1
241,,40,FL,94174,14126,1,B,Email,3:00:00 PM,3,2,0
242,,54,NY,56160,8424,1,A,Online Chat,9:30:00 AM,2,1,1
243,,38,FL,47633,7145,0,B,Online Chat,6:00:00 AM,5,2,0
244,,43,CA,147014,22052,0,C,Phone,8:15:00 AM,3,4,0
245,,40,CA,79104,11866,0,A,Email,5:00:00 PM,3,3,0
246,,53,NY,71621,10743,4,A,Online Chat,9:30:00 AM,3,2,1
247,,40,IL,98388,14758,2,C,Online Chat,2:00:00 PM,3,1,1
248,,40,TX,46014,6902,6,C,Online Chat,4:15:00 PM,3,4,1
249,,57,FL,63755,9563,1,C,Phone,9:30:00 AM,4,5,1
250,,32,CA,70390,10559,5,A,Email,6:00:00 AM,3,4,0
251,,38,IL,53711,8057,0,A,Online Chat,9:15:00 AM,3,3,0
252,,64,FL,87993,13199,2,A,Email,9:30:00 AM,4,4,1
253,,26,IL,57213,8582,5,B,Online Chat,10:45:00 AM,1,5,1
254,,26,IL,87784,13168,1,C,Online Chat,8:30:00 AM,6,1,0
255,,27,CA,37421,5613,0,A,Email,6:00:00 AM,1,2,0
256,,43,CA,47727,7159,0,A,Email,6:00:00 AM,5,3,0
257,,58,IL,34358,5154,7,A,Phone,2:15:00 PM,7,5,0
258,,52,NY,95108,14266,1,C,Phone,3:00:00 PM,6,3,0
259,,42,IL,62117,9318,0,B,Online Chat,6:00:00 AM,2,4,0
260,,43,IL,61910,9287,6,A,Phone,5:00:00 PM,4,3,0
261,,28,TX,25550,3833,3,A,Email,6:30:00 AM,2,5,0
262,,55,FL,92438,13866,3,C,Online Chat,1:00:00 PM,1,2,1
263,,40,TX,59371,8906,0,B,Phone,6:00:00 AM,3,2,0
264,,24,NY,81501,12225,4,C,Online Chat,8:45:00 AM,3,3,1
265,,35,NY,90946,13642,0,A,Phone,2:00:00 PM,3,1,0
266,,44,IL,68467,10270,0,B,Email,6:00:00 AM,1,3,0
267,,51,TX,47625,7144,4,B,Phone,2:00:00 PM,3,4,1
268,,44,NY,63893,9584,0,A,Online Chat,6:15:00 AM,6,2,0
269,,34,CA,61007,9151,2,B,Online Chat,2:00:00 PM,4,2,1
270,,60,NY,69532,10430,1,B,Online Chat,11:45:00 AM,3,2,1
271,,40,FL,84253,12638,0,A,Online Chat,6:00:00 AM,3,1,0
272,,41,IL,42323,6348,0,A,Email,7:15:00 AM,2,1,0
273,,42,FL,44210,6632,9,A,Phone,9:30:00 AM,2,5,0
274,,24,TX,46456,6968,5,A,Email,11:30:00 AM,5,3,0
275,,23,FL,61367,9205,1,A,Email,3:00:00 PM,3,3,0
276,,41,TX,84624,12694,4,A,Email,6:00:00 AM,2,4,0
277,,50,CA,40106,6016,1,B,Online Chat,12:00:00 PM,2,2,0
278,,46,FL,98008,14701,9,C,Online Chat,7:15:00 AM,1,1,0
279,,60,IL,94315,14147,8,A,Phone,12:15:00 PM,2,4,0
280,,39,TX,99249,14887,4,C,Phone,9:30:00 AM,4,4,1
281,,43,IL,40756,6113,0,C,Online Chat,2:00:00 PM,6,1,0
282,,45,NY,98011,14702,0,B,Phone,9:30:00 AM,5,3,0
283,,38,TX,66378,9957,2,A,Online Chat,6:45:00 AM,1,2,1
284,,24,FL,34255,5138,0,B,Online Chat,9:15:00 AM,6,3,0
285,,34,TX,44484,6673,1,A,Email,2:30:00 PM,1,4,0
286,,37,IL,86549,12982,1,B,Email,10:30:00 AM,3,2,0
287,,58,FL,64503,9675,1,A,Email,6:00:00 AM,5,5,0
288,,37,TX,75113,11267,4,A,Phone,12:45:00 PM,5,4,1
289,,39,FL,35249,5287,5,C,Phone,10:00:00 AM,1,3,1
290,,45,NY,49201,7380,2,C,Online Chat,10:00:00 AM,1,3,0
291,,57,CA,88576,13286,4,B,Phone,5:15:00 AM,5,3,1
292,,24,NY,39686,5953,4,A,Online Chat,4:15:00 PM,1,1,1
293,,40,TX,83363,12504,0,C,Phone,1:15:00 PM,5,4,0
294,,49,IL,30661,4599,0,B,Phone,6:00:00 AM,3,2,0
295,,30,IL,74843,11226,0,A,Phone,12:00:00 PM,4,3,0
296,,47,FL,90963,13644,1,A,Email,5:30:00 AM,33,3,0
297,,40,IL,72828,10924,0,C,Phone,5:30:00 PM,3,1,0
298,,36,CA,78604,11791,0,A,Email,7:45:00 AM,5,2,0
299,,49,IL,40526,6079,0,C,Email,2:45:00 PM,2,4,0
300,,47,FL,98910,14837,4,A,Phone,6:00:00 AM,6,2,0
301,,46,TX,55592,8339,9,B,Online Chat,6:45:00 AM,6,1,0
302,,62,TX,58982,8847,0,A,Online Chat,6:00:00 AM,1,2,0
303,,46,IL,75000,11250,4,C,Online Chat,6:00:00 AM,3,2,0
304,,47,NY,98619,14793,5,A,Phone,9:00:00 AM,8,3,0
305,,33,TX,59328,8899,0,A,Online Chat,6:00:00 AM,1,3,0
306,,57,IL,76479,11472,4,A,Email,1:30:00 PM,1,2,0
307,,36,FL,50103,7515,6,A,Online Chat,10:30:00 AM,5,5,1
308,,35,IL,69891,10484,2,B,Phone,6:00:00 AM,7,3,0
309,,18,TX,40754,6113,4,C,Online Chat,2:45:00 PM,6,3,0
310,,31,FL,85922,12888,4,B,Email,7:30:00 AM,5,2,0
311,,64,IL,78231,11735,9,B,Phone,6:00:00 AM,1,2,0
312,,19,CA,59301,8895,1,B,Online Chat,3:15:00 PM,3,3,1
313,,45,FL,92711,13907,1,B,Phone,10:00:00 AM,6,1,0
314,,47,CA,71323,10698,0,B,Phone,3:00:00 PM,5,1,0
315,,55,NY,48752,7313,3,A,Phone,5:30:00 PM,8,2,0
316,,21,FL,43395,6509,3,C,Online Chat,9:30:00 AM,4,5,1
317,,18,CA,86273,12941,0,A,Phone,5:30:00 AM,8,2,0
318,,25,TX,34895,5234,0,B,Online Chat,3:00:00 PM,2,1,0
319,,46,TX,40699,6105,0,C,Email,1:30:00 PM,9,1,0
320,,56,NY,95061,14259,4,B,Online Chat,2:45:00 PM,1,2,1
321,,20,FL,39715,5957,0,C,Email,5:30:00 AM,2,2,0
322,,49,FL,49169,7375,6,C,Online Chat,9:30:00 AM,4,5,1
323,,27,FL,46163,6924,0,B,Phone,9:00:00 AM,4,4,0
324,,27,NY,35782,5367,2,B,Online Chat,12:30:00 PM,6,1,0
325,,36,FL,65585,9838,0,C,Phone,12:00:00 PM,5,2,0
326,,63,TX,60682,9102,0,A,Email,9:15:00 AM,6,1,0
327,,51,CA,77864,11680,1,B,Online Chat,8:30:00 AM,2,2,1
328,,50,TX,85114,12767,0,A,Phone,10:45:00 AM,2,1,0
329,,40,TX,68067,10210,0,B,Email,11:15:00 AM,9,2,0
330,,45,CA,72685,10903,0,C,Email,5:30:00 AM,8,3,0
331,,49,TX,48073,7211,4,B,Online Chat,5:15:00 AM,2,1,1
332,,24,NY,66035,9905,0,C,Email,4:45:00 PM,6,2,0
333,,46,CA,94977,14247,3,C,Phone,9:30:00 AM,5,3,1
334,,25,TX,95450,14318,0,C,Email,2:00:00 PM,1,4,0
335,,18,IL,40382,6057,0,B,Email,5:00:00 AM,9,2,0
336,,20,TX,34437,5166,0,C,Phone,5:30:00 AM,2,2,0
337,,41,NY,94612,14192,8,C,Email,3:45:00 PM,9,1,0
338,,40,FL,91929,13789,1,B,Email,5:15:00 AM,8,2,0
339,,25,TX,42329,6349,0,C,Email,5:30:00 AM,3,3,0
340,,64,FL,55169,8275,2,B,Email,5:45:00 PM,1,2,0
341,,54,IL,64594,9689,1,C,Phone,5:30:00 AM,8,2,0
342,,20,TX,15000,2250,0,A,Email,2:30:00 PM,7,1,0
343,,50,CA,75033,11255,4,A,Phone,1:30:00 PM,5,4,1
344,,45,FL,93133,13970,0,C,Email,5:30:00 AM,1,2,0
345,,40,IL,82290,12344,4,A,Email,5:30:00 AM,4,3,0
346,,25,CA,61750,9263,0,B,Email,5:30:00 AM,9,2,0
347,,51,CA,70461,10569,3,A,Email,2:30:00 PM,2,5,0
348,,52,CA,54226,8134,0,C,Phone,5:30:00 AM,1,2,0
349,,49,CA,36721,5508,0,C,Phone,7:15:00 AM,9,1,0
350,,41,TX,86154,12923,3,B,Phone,2:00:00 PM,5,3,1
351,,31,TX,50609,7591,1,C,Online Chat,9:30:00 AM,1,2,1
352,,49,TX,82130,12320,1,B,Email,5:30:00 AM,7,2,0
353,,63,IL,85249,12787,0,A,Email,4:30:00 PM,4,3,0
354,,60,FL,78895,11834,2,C,Phone,9:15:00 AM,1,5,1
355,,33,IL,35656,5348,0,B,Online Chat,8:45:00 AM,6,2,0
356,,21,NY,93740,14061,1,B,Email,4:15:00 PM,3,5,0
357,,54,IL,94309,14146,0,C,Phone,1:45:00 PM,1,2,0
358,,38,TX,59984,8998,0,A,Email,5:30:00 AM,6,5,0
359,,31,TX,35901,5385,3,B,Email,4:30:00 PM,5,1,0
360,,48,NY,61552,9233,6,A,Phone,2:45:00 PM,2,5,1
361,,35,NY,61055,9158,0,B,Phone,3:15:00 PM,2,4,0
362,,24,IL,67685,10153,0,C,Email,3:15:00 PM,7,4,0
363,,27,FL,44716,6707,0,C,Email,3:00:00 PM,2,3,0
364,,24,NY,41138,6171,8,C,Phone,9:30:00 AM,2,5,1
365,,50,CA,65298,9795,6,A,Email,5:00:00 AM,5,5,0
366,,40,TX,81112,12167,0,A,Email,5:30:00 AM,4,2,0
367,,38,CA,53429,8014,0,A,Phone,11:15:00 AM,7,1,0
368,,36,TX,80200,12030,0,A,Email,10:15:00 AM,8,3,0
369,,36,TX,78244,11737,2,C,Email,5:45:00 AM,4,5,0
370,,53,NY,47347,7102,0,B,Online Chat,10:15:00 AM,1,2,0
371,,46,NY,46920,7038,4,A,Phone,12:00:00 PM,1,1,1
372,,35,CA,61822,9273,6,C,Online Chat,11:45:00 AM,1,3,1
373,,40,TX,N/A,N/A,0,A,Online Chat,5:30:00 AM,1,3,0
374,,18,CA,70108,10516,4,C,Online Chat,9:30:00 AM,5,5,1
375,,64,FL,37967,5695,4,B,Email,5:30:00 AM,4,3,0
376,,22,CA,41871,6281,0,A,Email,1:15:00 PM,1,2,0
377,,37,IL,63613,9542,0,C,Online Chat,10:15:00 AM,3,3,0
378,,28,CA,58179,8727,3,C,Online Chat,6:15:00 AM,1,4,1
379,,59,IL,82188,12328,0,B,Online Chat,10:45:00 AM,8,2,0
380,,40,IL,15000,2250,3,C,Email,8:00:00 AM,6,1,0
381,,20,IL,65262,9789,1,C,Online Chat,4:45:00 PM,1,1,0
382,,40,FL,48268,7240,4,C,Online Chat,6:15:00 AM,1,5,1
383,,29,CA,90545,13582,0,A,Phone,4:30:00 PM,3,5,0
384,,37,CA,69922,10488,6,A,Phone,2:00:00 PM,1,4,1
385,,22,FL,72913,10937,0,B,Email,5:30:00 AM,4,1,0
386,,54,TX,85677,12852,0,A,Phone,10:00:00 AM,1,1,0
387,,55,NY,79841,11976,3,A,Phone,5:00:00 PM,1,1,1
388,,47,CA,76332,11450,0,A,Phone,4:15:00 PM,3,1,0
389,,26,NY,55032,8255,0,C,Email,4:00:00 PM,1,3,0
390,,51,FL,67846,10177,4,A,Phone,9:30:00 AM,1,2,1
391,,61,TX,89474,13421,6,A,Email,10:15:00 AM,2,2,0
392,,52,TX,74936,11240,2,C,Online Chat,1:00:00 PM,1,4,1
393,,39,TX,59794,8969,0,A,Phone,5:45:00 AM,3,3,0
394,,61,FL,91588,13738,0,A,Email,5:30:00 AM,4,1,0
395,,41,IL,80331,12050,0,C,Phone,12:15:00 PM,5,1,0
396,,34,IL,58141,8721,1,B,Online Chat,5:30:00 AM,3,5,0
397,,27,NY,39074,5861,0,C,Email,10:00:00 AM,2,5,0
398,,47,IL,36406,5461,0,B,Email,1:30:00 PM,2,4,0
399,,40,IL,53291,7994,7,A,Email,9:30:00 AM,7,1,0
400,,40,TX,71568,10735,4,A,Online Chat,7:00:00 AM,2,4,1
401,,49,TX,76851,11528,2,A,Online Chat,2:45:00 PM,2,3,1
402,,34,NY,84823,12723,3,A,Online Chat,4:30:00 PM,2,2,0
403,,34,CA,53312,7997,0,B,Email,7:30:00 AM,7,1,0
404,,31,NY,73108,10966,7,A,Online Chat,2:15:00 PM,7,3,0
405,,26,NY,15000,2250,0,C,Phone,5:00:00 AM,3,1,0
406,,57,FL,64171,9626,4,C,Phone,9:30:00 AM,2,5,1
407,,19,FL,71779,10767,0,B,Email,3:30:00 PM,1,4,0
408,,62,NY,98828,14824,8,A,Phone,2:00:00 PM,1,5,1
409,,42,NY,42411,6362,0,C,Online Chat,5:30:00 AM,5,2,0
410,,56,NY,87009,13051,1,B,Phone,3:45:00 PM,2,5,1
411,,26,IL,45422,6813,5,A,Phone,5:30:00 AM,2,1,0
412,,39,FL,72468,10870,1,C,Email,10:30:00 AM,7,5,0
413,,60,NY,62371,9356,0,A,Phone,5:30:00 AM,4,1,0
414,,40,FL,87022,13053,3,C,Phone,12:30:00 PM,4,2,1
415,,21,TX,81196,12179,0,C,Email,10:30:00 AM,2,5,0
416,,43,IL,56715,8507,0,A,Email,8:15:00 AM,5,4,0
417,,46,IL,57605,8641,0,C,Email,8:15:00 AM,4,4,0
418,,62,CA,61174,9176,2,A,Phone,12:15:00 PM,1,4,1
419,,51,CA,83000,12450,5,C,Phone,9:30:00 AM,2,5,1
420,,40,CA,99252,14888,0,A,Phone,5:30:00 AM,3,5,0
421,,54,NY,91949,13792,0,B,Email,4:30:00 PM,6,5,0
422,,28,IL,15000,2250,0,B,Online Chat,5:30:00 AM,4,1,0
423,,23,IL,93037,13956,3,A,Phone,11:15:00 AM,1,2,0
424,,35,TX,36548,5482,4,B,Online Chat,2:00:00 PM,2,4,1
425,,38,NY,53177,7977,0,C,Email,4:00:00 PM,2,1,0
426,,59,FL,54022,8103,0,B,Phone,4:15:00 PM,3,4,0
427,,53,CA,75000,11250,6,B,Online Chat,9:45:00 AM,1,1,1
428,,58,CA,90428,13564,4,B,Phone,11:30:00 AM,5,5,1
429,,55,FL,52740,7911,4,C,Phone,1:00:00 PM,3,4,1
430,,51,NY,89353,13403,6,A,Phone,9:45:00 AM,2,5,1
431,,34,NY,86532,12980,0,C,Online Chat,9:30:00 AM,2,4,0
432,,54,FL,46052,6908,0,A,Email,5:30:00 AM,4,3,0
433,,42,FL,77076,11561,2,C,Phone,5:30:00 AM,5,1,1
434,,55,FL,83420,12513,1,A,Email,12:15:00 PM,5,3,0
435,,29,NY,165355,24803,1,B,Email,9:45:00 AM,4,1,0
436,,40,NY,30163,4524,6,B,Online Chat,3:00:00 PM,4,2,1
437,,59,FL,71424,10714,2,C,Online Chat,3:00:00 PM,4,4,1
438,,39,FL,83744,12562,0,A,Email,12:30:00 PM,4,2,0
439,,38,NY,40634,6095,2,B,Phone,8:00:00 AM,4,2,1
440,,44,FL,34798,5220,2,C,Online Chat,8:45:00 AM,5,1,1
441,,48,NY,52420,7863,3,A,Phone,12:30:00 PM,2,3,1
442,,23,TX,59300,8895,0,C,Phone,5:30:00 AM,2,5,0
443,,44,NY,40749,6112,0,B,Phone,5:30:00 AM,9,1,0
444,,57,FL,55121,8268,4,A,Email,8:15:00 AM,2,5,0
445,,51,NY,67487,10123,4,C,Phone,5:30:00 AM,6,2,0
446,,29,NY,63361,9504,0,C,Email,5:30:00 AM,2,5,0
447,,45,NY,51223,7683,1,A,Email,5:15:00 PM,5,3,0
448,,24,TX,44056,6608,0,B,Phone,7:15:00 AM,4,1,0
449,,27,CA,58380,8757,0,B,Phone,3:15:00 PM,7,3,0
450,,62,FL,56035,8405,6,C,Phone,4:45:00 PM,2,3,1
451,,34,CA,60620,9093,1,C,Phone,11:30:00 AM,3,1,0
452,,43,CA,49877,7482,8,B,Email,5:30:00 AM,5,3,0
453,,38,CA,85316,12797,25,C,Phone,7:30:00 AM,1,4,1
454,,45,NY,94041,14106,4,C,Phone,12:00:00 PM,3,4,1
455,,40,FL,83352,12503,4,C,Phone,11:45:00 AM,1,2,1
456,,19,NY,60911,9137,0,C,Online Chat,1:15:00 PM,1,5,0
457,,60,NY,62784,9418,4,A,Online Chat,3:00:00 PM,5,3,1
458,,18,CA,33191,4979,2,C,Email,5:30:00 AM,2,1,0
459,,53,NY,63160,9474,1,B,Online Chat,3:00:00 PM,4,1,1
460,,43,CA,94641,14196,4,C,Email,5:30:00 AM,1,5,0
461,,46,IL,79723,11958,0,B,Phone,12:30:00 PM,3,1,0
462,,38,FL,33631,5045,7,C,Phone,5:45:00 AM,7,2,1
463,,28,CA,36172,5426,0,C,Online Chat,6:15:00 AM,3,3,0
464,,57,IL,72080,10812,5,A,Phone,4:00:00 PM,4,1,0
465,,28,FL,50281,7542,0,C,Online Chat,1:15:00 PM,2,1,0
466,,53,TX,58671,8801,1,B,Online Chat,6:30:00 AM,3,2,1
467,,56,CA,81431,12215,1,A,Phone,5:15:00 AM,1,2,1
468,,57,FL,58602,8790,6,C,Phone,2:30:00 PM,3,2,1
469,,52,TX,81399,12210,4,A,Online Chat,6:00:00 AM,5,3,1
470,,51,TX,53472,8021,3,A,Phone,3:00:00 PM,2,4,1
471,,40,CA,79230,11885,3,B,Email,12:00:00 PM,4,4,0
472,,41,TX,37099,5565,0,B,Phone,4:30:00 AM,2,2,0
473,,39,NY,55431,8315,0,A,Phone,8:00:00 AM,7,3,0
474,,22,FL,86492,12974,0,A,Email,9:15:00 AM,3,3,0
475,,50,FL,77684,11653,0,B,Phone,5:30:00 AM,5,2,0
476,,53,FL,60111,9017,5,C,Phone,3:30:00 PM,1,1,1
477,,64,NY,93936,14090,4,B,Phone,4:30:00 PM,1,5,1
478,,37,TX,52614,7892,4,A,Phone,10:15:00 AM,5,5,1
479,,36,NY,71991,10799,3,C,Phone,5:30:00 AM,9,1,0
480,,52,TX,90920,13638,0,A,Email,5:00:00 AM,1,2,0
481,,60,CA,93530,14030,6,A,Online Chat,3:00:00 PM,1,1,1
482,,34,FL,66224,9934,3,C,Online Chat,4:30:00 PM,4,1,1
483,,62,FL,37788,5668,1,A,Phone,7:15:00 AM,4,5,0
484,,60,NY,58082,8712,6,A,Phone,3:30:00 PM,2,2,1
485,,51,CA,46531,6980,0,A,Online Chat,4:15:00 PM,2,3,0
486,,26,NY,15000,2250,0,C,Email,8:45:00 AM,9,2,0
487,,43,NY,40142,6021,0,B,Online Chat,5:30:00 AM,2,3,0
488,,19,IL,78355,11753,2,A,Email,7:15:00 AM,9,2,0
489,,26,CA,39866,5980,3,B,Online Chat,7:00:00 AM,4,1,1
490,,26,FL,94027,14104,3,A,Online Chat,5:30:00 AM,2,2,0
491,,57,TX,87906,13186,0,A,Email,5:30:00 AM,4,4,0
492,,34,CA,58138,8721,0,C,Online Chat,9:30:00 AM,2,2,0
493,,40,NY,59956,8993,7,C,Online Chat,1:00:00 PM,2,4,1
494,,42,IL,75000,11250,0,A,Online Chat,9:15:00 AM,9,3,0
495,,60,NY,77241,11586,6,B,Phone,5:30:00 AM,1,4,0
496,,57,TX,72533,10880,6,B,Email,6:15:00 AM,7,2,0
497,,59,IL,58270,8741,5,A,Online Chat,1:45:00 PM,3,2,0
498,,42,NY,69279,10392,1,A,Email,10:45:00 AM,3,3,0
499,,56,FL,53888,8083,1,B,Email,1:00:00 PM,2,4,0
500,,52,FL,47630,7145,0,B,Email,2:45:00 PM,1,2,0
501,,20,TX,15000,2250,4,B,Online Chat,3:30:00 PM,2,1,1
502,,54,CA,65144,9772,3,B,Online Chat,3:30:00 PM,4,5,1
503,,61,FL,82161,12324,7,A,Email,4:30:00 AM,2,2,0
504,,40,FL,80979,12147,1,C,Phone,6:00:00 AM,1,1,1
505,,47,CA,36979,5547,1,C,Email,5:30:00 AM,2,2,0
506,,55,FL,56189,8428,4,C,Phone,2:00:00 PM,4,1,1
507,,51,FL,72600,10890,7,C,Email,5:30:00 AM,3,2,0
508,,29,TX,89560,13434,4,A,Email,11:30:00 AM,1,1,0
509,,36,TX,91558,13734,0,A,Email,4:45:00 AM,4,2,0
510,,54,FL,83000,12450,5,C,Online Chat,2:00:00 PM,5,4,1
511,,61,IL,87713,13157,0,B,Phone,10:00:00 AM,2,2,0
512,,34,NY,76857,11529,0,B,Phone,2:30:00 PM,2,3,0
513,,27,CA,64964,9745,0,B,Email,6:15:00 AM,5,3,0
514,,64,FL,55227,8284,3,C,Online Chat,3:30:00 PM,2,3,1
515,,29,FL,35978,5397,0,C,Online Chat,3:15:00 PM,5,3,0
516,,33,CA,47153,7073,4,C,Phone,3:30:00 PM,1,2,1
517,,41,TX,89765,13465,0,A,Online Chat,6:30:00 AM,1,4,0
518,,36,NY,69071,10361,3,B,Phone,3:30:00 PM,3,4,1
519,,25,TX,15000,2250,1,B,Phone,5:00:00 AM,2,2,0
520,,48,FL,N/A,N/A,0,B,Phone,10:15:00 AM,3,1,0
521,,38,CA,90703,13605,0,C,Online Chat,10:30:00 AM,9,2,0
522,,34,FL,94379,14157,0,B,Phone,6:00:00 PM,2,2,0
523,,40,CA,87866,13180,0,C,Phone,11:45:00 AM,2,2,0
524,,54,NY,46905,7036,0,B,Email,5:30:00 AM,3,2,0
525,,33,NY,75838,11376,0,B,Phone,5:00:00 AM,4,4,0
526,,23,IL,88279,13242,0,A,Phone,10:45:00 AM,9,1,0
527,,25,NY,56806,8521,5,B,Email,10:30:00 AM,3,2,0
528,,42,FL,75000,11250,5,B,Email,7:30:00 AM,2,2,0
529,,35,NY,52168,7825,0,A,Online Chat,12:45:00 PM,3,2,0
530,,42,CA,68714,10307,0,C,Phone,4:30:00 PM,2,3,0
531,,29,CA,84093,12614,1,C,Online Chat,5:30:00 AM,7,2,0
532,,32,TX,85419,12813,0,B,Online Chat,4:30:00 PM,9,2,0
533,,43,CA,79145,11872,1,C,Email,2:00:00 PM,2,5,1
534,,58,FL,32461,4869,0,B,Online Chat,3:45:00 PM,6,3,0
535,,40,IL,44291,6644,9,A,Phone,11:00:00 AM,2,1,0
536,,43,NY,76804,11521,3,A,Email,10:45:00 AM,2,2,0
537,,64,FL,94946,14242,4,C,Phone,3:30:00 PM,2,1,1
538,,49,NY,91332,13700,0,A,Phone,4:30:00 PM,5,3,0
539,,27,CA,60841,9126,0,A,Email,5:30:00 AM,8,2,0
540,,33,FL,78758,11814,0,B,Phone,7:45:00 AM,9,2,0
541,,24,NY,67643,10146,0,B,Email,11:30:00 AM,2,4,0
542,,34,TX,80408,12061,6,A,Phone,9:15:00 AM,5,5,1
543,,40,FL,73950,11093,5,C,Email,2:45:00 PM,2,2,0
544,,43,FL,86849,13027,1,C,Online Chat,6:00:00 PM,6,2,0
545,,38,FL,58044,8707,0,B,Phone,5:30:00 AM,6,2,0
546,,39,FL,45997,6900,3,C,Email,8:15:00 AM,2,2,1
547,,24,FL,53911,8087,0,C,Phone,10:30:00 AM,3,2,0
548,,31,CA,85533,12830,2,A,Phone,8:30:00 AM,3,1,1
549,,32,FL,44571,6686,0,C,Phone,3:45:00 PM,9,1,0
550,,24,IL,15000,2250,0,C,Email,1:00:00 PM,2,2,0
551,,26,FL,88005,13201,6,C,Online Chat,2:00:00 PM,5,5,1
552,,25,TX,15000,2250,2,C,Online Chat,6:00:00 AM,2,3,1
553,,40,TX,73541,11031,1,B,Online Chat,9:45:00 AM,1,4,1
554,,46,NY,53387,8008,8,B,Email,3:30:00 PM,1,5,1
555,,35,CA,78908,11836,0,A,Online Chat,7:15:00 AM,4,5,0
556,,48,CA,43057,6459,2,A,Email,5:30:00 AM,2,2,0
557,,47,NY,94028,14104,3,A,Phone,3:30:00 PM,7,2,0
558,,56,FL,85731,12860,4,C,Phone,3:00:00 PM,2,1,1
559,,52,FL,54858,8229,0,C,Online Chat,5:30:00 AM,2,1,0
560,,35,NY,78689,11803,0,B,Email,12:30:00 PM,5,3,0
561,,59,NY,74638,11196,0,B,Phone,5:30:00 AM,4,3,0
562,,56,IL,76486,11473,4,A,Email,5:30:00 AM,2,3,0
563,,34,NY,50567,7585,1,A,Email,5:45:00 AM,4,3,0
564,,31,NY,59739,8961,5,C,Phone,6:00:00 PM,6,2,0
565,,48,CA,87804,13171,5,C,Email,9:45:00 AM,5,5,1
566,,41,FL,33754,5063,0,A,Phone,12:45:00 PM,2,1,0
567,,52,NY,57044,8557,0,B,Phone,5:00:00 PM,1,2,0
568,,61,TX,97260,14589,0,B,Phone,11:45:00 AM,2,2,0
569,,40,CA,96912,14537,1,B,Email,6:00:00 PM,2,2,0
570,,51,TX,38706,5806,4,A,Phone,6:30:00 AM,9,2,0
571,,20,CA,38894,5834,0,B,Email,9:00:00 AM,3,3,0
572,,54,FL,48037,7206,1,C,Phone,2:00:00 PM,4,3,1
573,,60,FL,81612,12242,6,C,Phone,3:30:00 PM,2,1,1
574,,57,IL,59725,8959,8,A,Online Chat,6:00:00 PM,2,2,0
575,,43,TX,83000,12450,1,C,Online Chat,1:30:00 PM,3,3,1
576,,40,CA,39496,5924,0,A,Online Chat,11:45:00 AM,5,2,0
577,,61,FL,86447,12967,5,B,Email,8:15:00 AM,2,1,0
578,,56,NY,59806,8971,1,B,Email,12:00:00 PM,3,2,0
579,,32,FL,71321,10698,0,B,Phone,3:15:00 PM,7,2,0
580,,40,NY,95095,14264,1,C,Phone,2:00:00 PM,8,2,1
581,,46,CA,52656,7898,6,A,Phone,8:45:00 AM,3,3,1
582,,39,FL,85147,12772,6,B,Phone,6:15:00 AM,2,1,1
583,,42,FL,79666,11950,2,C,Email,3:30:00 PM,3,1,1
584,,30,CA,68787,10318,0,B,Phone,9:00:00 AM,2,2,0
585,,35,FL,92946,13942,2,C,Phone,10:30:00 AM,1,2,1
586,,50,NY,51727,7759,2,C,Online Chat,11:00:00 AM,3,2,1
587,,33,FL,98056,14708,3,A,Phone,1:15:00 PM,5,1,1
588,,62,TX,33081,4962,0,A,Phone,5:45:00 PM,3,4,0
589,,59,NY,64196,9629,1,C,Phone,3:30:00 PM,1,3,1
590,,61,NY,66735,10010,1,A,Email,6:00:00 PM,7,1,0
591,,40,TX,55498,8325,7,B,Online Chat,4:45:00 PM,2,2,0
592,,52,CA,61656,9248,3,C,Phone,10:45:00 AM,4,1,0
593,,59,NY,97695,14654,0,A,Phone,2:45:00 PM,5,1,0
594,,51,NY,67900,10185,3,C,Online Chat,1:00:00 PM,5,1,1
595,,47,IL,77701,11655,4,C,Phone,3:30:00 PM,5,4,1
596,,30,CA,49033,7355,0,C,Email,10:00:00 AM,1,5,0
597,,30,CA,40805,6121,0,C,Phone,5:45:00 AM,5,3,0
598,,35,NY,65851,9878,3,A,Email,6:00:00 PM,1,1,0
599,,49,FL,56832,8525,2,A,Email,10:45:00 AM,1,4,0
600,,49,CA,93437,14016,8,A,Phone,5:15:00 AM,1,1,0
601,,52,FL,43944,6592,0,C,Online Chat,5:15:00 PM,1,4,0
602,,56,TX,49873,7481,4,C,Email,12:15:00 PM,2,1,1
603,,63,NY,70372,10556,0,C,Online Chat,7:15:00 AM,2,1,0
604,,46,FL,45379,6807,0,A,Phone,4:00:00 PM,5,2,0
605,,46,IL,66751,10013,3,C,Email,6:00:00 PM,1,1,0
606,,40,FL,35110,5267,5,B,Phone,7:00:00 AM,1,2,0
607,,33,TX,84341,12651,0,C,Online Chat,4:15:00 PM,1,3,0
608,,61,CA,42087,6313,1,B,Phone,10:45:00 AM,1,1,0
609,,64,TX,53762,8064,0,C,Phone,2:45:00 PM,6,3,0
610,,27,CA,39596,5939,0,A,Email,6:00:00 AM,2,5,0
611,,47,CA,48313,7247,2,C,Phone,4:30:00 PM,1,1,1
612,,42,CA,96549,14482,0,B,Phone,6:00:00 AM,6,3,0
613,,56,TX,53705,8056,0,B,Online Chat,6:00:00 PM,2,5,0
614,,37,FL,97364,14605,1,C,Email,11:45:00 AM,1,3,0
615,,22,TX,32023,4803,1,B,Online Chat,5:30:00 AM,3,1,0
616,,40,IL,89796,13469,0,B,Online Chat,6:00:00 PM,2,5,0
617,,47,CA,94429,14164,0,A,Phone,5:45:00 PM,1,1,0
618,,20,IL,15000,2250,1,C,Email,6:00:00 PM,8,2,0
619,,40,NY,N/A,N/A,3,C,Phone,7:30:00 AM,1,5,1
620,,31,NY,67804,10171,4,C,Online Chat,8:30:00 AM,3,2,0
621,,47,FL,45379,6807,1,B,Email,9:00:00 AM,6,1,0
622,,21,CA,15000,2250,5,C,Online Chat,6:00:00 PM,6,2,0
623,,35,FL,57766,8665,5,C,Online Chat,6:00:00 PM,1,2,0
624,,54,FL,98099,14715,4,A,Email,7:30:00 AM,6,2,0
625,,42,NY,66060,9909,1,A,Email,4:15:00 AM,7,2,0
626,,40,FL,15000,2250,0,A,Phone,6:00:00 PM,3,3,0
627,,63,FL,46087,6913,6,C,Phone,6:15:00 AM,1,1,1
628,,32,CA,78868,11830,0,C,Online Chat,6:00:00 PM,3,2,0
629,,26,CA,53225,7984,2,A,Email,5:15:00 PM,1,2,0
630,,32,FL,36643,5496,5,A,Email,2:15:00 PM,3,2,0
631,,41,NY,66727,10009,0,A,Phone,5:15:00 AM,8,2,0
632,,40,TX,41005,6151,0,C,Online Chat,12:30:00 PM,2,5,0
633,,29,FL,15000,2250,0,C,Online Chat,3:15:00 PM,1,1,0
634,,54,CA,46029,6904,1,C,Phone,3:30:00 PM,5,5,1
635,,54,CA,44226,6634,5,B,Email,5:45:00 AM,4,2,0
636,,60,TX,93646,14047,0,B,Phone,4:15:00 PM,5,5,1
637,,23,NY,90603,13590,3,A,Phone,6:00:00 PM,7,3,0
638,,56,FL,58731,8810,1,C,Phone,6:15:00 AM,2,2,0
639,,63,NY,98926,14839,0,A,Phone,4:15:00 AM,4,1,0
640,,41,CA,35997,5400,0,C,Email,12:00:00 PM,2,2,0
641,,28,NY,85506,12826,0,C,Phone,10:15:00 AM,9,3,0
642,,30,CA,79815,11972,0,C,Email,3:30:00 PM,2,1,0
643,,51,NY,72092,10814,0,B,Phone,8:00:00 AM,3,4,0
644,,42,TX,92539,13881,3,B,Online Chat,8:45:00 AM,2,3,1
645,,24,IL,15000,2250,0,C,Email,9:15:00 AM,3,1,0
646,,40,TX,51817,7773,2,C,Online Chat,6:30:00 AM,6,2,0
647,,25,TX,67861,10179,5,C,Phone,1:15:00 PM,3,2,1
648,,37,IL,43428,6514,1,C,Phone,6:00:00 PM,4,1,0
649,,46,CA,73934,11090,0,A,Phone,12:00:00 PM,6,2,0
650,,62,FL,40258,6039,1,A,Email,4:30:00 PM,7,2,0
651,,40,FL,87775,13166,2,A,Online Chat,3:30:00 PM,1,1,1
652,,27,TX,35469,5320,0,B,Email,11:00:00 AM,3,4,0
653,,60,TX,58854,8828,0,B,Email,4:15:00 PM,3,3,0
654,,51,CA,36256,5438,0,A,Phone,6:00:00 PM,2,1,0
655,,43,CA,63937,9591,4,B,Online Chat,3:30:00 PM,2,2,0
656,,58,FL,31651,4748,0,B,Phone,12:00:00 PM,9,1,0
657,,20,FL,80288,12043,0,C,Email,6:00:00 PM,4,2,0
658,,23,CA,55051,8258,2,B,Phone,12:00:00 PM,5,1,1
659,,22,CA,57386,8608,2,C,Online Chat,3:30:00 PM,3,4,1
660,,22,NY,46184,6928,2,C,Phone,5:00:00 PM,4,1,0
661,,40,NY,63787,9568,0,A,Online Chat,12:00:00 PM,4,3,0
662,,40,CA,51621,7743,1,B,Online Chat,3:30:00 PM,5,1,1
663,,26,NY,15000,2250,0,C,Phone,12:00:00 PM,1,2,0
664,,52,IL,75253,11288,8,C,Email,9:15:00 AM,2,1,1
665,,37,FL,64051,9608,1,B,Phone,9:00:00 AM,9,2,0
666,,59,FL,79811,11972,2,C,Phone,2:00:00 PM,2,5,1
667,,52,CA,60447,9067,0,C,Email,5:30:00 AM,5,1,0
668,,35,TX,60254,9038,0,C,Phone,11:30:00 AM,8,1,0
669,,34,CA,87418,13113,2,A,Email,10:00:00 AM,3,3,0
670,,41,NY,44472,6671,8,A,Email,2:00:00 PM,1,2,0
671,,20,TX,33471,5021,0,C,Phone,8:15:00 AM,4,5,0
672,,49,NY,83000,12450,2,A,Phone,6:00:00 PM,4,2,0
673,,52,IL,64865,9730,0,C,Phone,3:00:00 PM,3,1,0
674,,55,NY,76850,11528,2,C,Email,4:45:00 PM,1,1,1
675,,30,NY,84220,12633,8,A,Online Chat,10:30:00 AM,9,2,0
676,,40,CA,36397,5460,0,A,Email,3:45:00 PM,1,4,0
677,,42,NY,65525,9829,6,B,Online Chat,3:30:00 PM,3,4,1
678,,26,NY,15000,2250,2,B,Phone,5:30:00 PM,2,5,0
679,,21,IL,53284,7993,0,B,Online Chat,4:15:00 AM,8,2,0
680,,31,TX,91330,13700,1,C,Phone,1:15:00 PM,7,1,0
681,,54,IL,55122,8268,2,A,Phone,3:00:00 PM,2,5,1
682,,51,FL,92812,13922,0,C,Online Chat,3:15:00 PM,6,1,0
683,,28,CA,37999,5700,6,C,Phone,8:00:00 AM,3,4,0
684,,58,TX,52436,7865,2,A,Online Chat,3:45:00 PM,4,1,0
685,,40,FL,72963,10944,0,B,Phone,12:45:00 PM,3,3,0
686,,45,CA,32096,4814,0,B,Email,12:00:00 PM,1,2,0
687,,46,CA,55279,8292,0,B,Email,6:30:00 AM,1,5,0
688,,26,TX,56201,8430,0,C,Phone,12:45:00 PM,5,5,0
689,,20,IL,49715,7457,0,A,Phone,6:00:00 PM,3,2,0
690,,42,NY,59309,8896,2,A,Online Chat,11:15:00 AM,6,2,0
691,,51,TX,45078,6762,5,B,Email,5:15:00 PM,2,2,0
692,,29,FL,86614,12992,2,C,Online Chat,10:15:00 AM,1,2,1
693,,59,FL,35105,5266,0,B,Phone,9:00:00 AM,6,1,0
694,,26,CA,32839,4926,3,B,Phone,10:45:00 AM,7,1,0
695,,32,FL,98920,14838,4,A,Online Chat,11:15:00 AM,5,1,1
696,,57,TX,73619,11043,0,A,Phone,10:30:00 AM,4,1,0
697,,42,FL,72821,10923,2,C,Email,11:30:00 AM,1,4,1
698,,22,TX,43493,6524,0,C,Online Chat,6:00:00 PM,5,5,0
699,,28,NY,47069,7060,6,C,Email,7:30:00 AM,6,1,0
700,,51,CA,83000,12450,3,B,Email,9:45:00 AM,1,2,0
701,,41,FL,67051,10058,0,B,Email,8:45:00 AM,4,1,0
702,,32,TX,37736,5660,0,B,Online Chat,12:00:00 PM,1,2,0
703,,55,IL,37710,5657,0,A,Phone,7:15:00 AM,8,1,0
704,,25,CA,15000,2250,0,B,Email,7:45:00 AM,4,1,0
705,,22,NY,43975,6596,5,B,Email,6:15:00 AM,3,2,0
706,,43,TX,92424,13864,0,A,Email,7:15:00 AM,2,1,0
707,,35,NY,75603,11340,10,A,Phone,2:15:00 PM,2,2,1
708,,23,NY,53252,7988,3,B,Phone,1:30:00 PM,4,1,0
709,,54,FL,31431,4715,1,A,Online Chat,6:00:00 PM,6,1,0
710,,30,FL,67481,10122,4,A,Phone,12:00:00 PM,7,1,0
711,,45,TX,39557,5934,-5,B,Online Chat,9:15:00 AM,5,1,0
712,,22,CA,30162,4524,5,B,Online Chat,8:30:00 AM,9,1,0
713,,30,TX,64742,9711,0,B,Online Chat,6:00:00 AM,5,1,0
714,,34,IL,49675,7451,7,B,Online Chat,6:15:00 AM,5,4,0
715,,57,NY,47015,7052,2,A,Online Chat,3:00:00 PM,3,5,1
716,,40,CA,80057,12009,1,A,Email,1:30:00 PM,1,3,0
717,,49,TX,62591,9389,7,B,Phone,3:30:00 PM,2,1,1
718,,46,TX,39833,5975,3,A,Email,2:45:00 PM,1,1,0
719,,20,IL,37896,5684,0,B,Online Chat,10:45:00 AM,1,2,0
720,,57,NY,62972,9446,0,B,Online Chat,5:30:00 PM,7,2,0
721,,51,NY,79733,11960,1,A,Email,9:30:00 AM,5,3,0
722,,57,CA,71800,10770,0,A,Email,3:30:00 PM,3,4,0
723,,44,NY,83000,12450,6,B,Online Chat,5:00:00 PM,1,2,0
724,,30,FL,89063,13359,0,B,Email,6:00:00 PM,1,3,0
725,,40,CA,32643,4896,0,A,Online Chat,12:00:00 PM,2,5,0
726,,50,TX,70785,10618,0,C,Email,7:15:00 AM,8,3,0
727,,23,CA,48681,7302,2,A,Email,10:30:00 AM,2,1,0
728,,41,TX,80026,12004,4,C,Email,4:45:00 AM,3,1,0
729,,36,FL,45892,6884,0,C,Online Chat,6:00:00 AM,2,2,0
730,,33,NY,77299,11595,2,C,Online Chat,12:15:00 PM,1,2,1
731,,57,FL,47073,7061,6,A,Email,2:15:00 PM,5,5,0
732,,45,FL,60682,9102,10,C,Online Chat,1:15:00 PM,5,3,1
733,,50,CA,44289,6643,0,C,Online Chat,9:30:00 AM,5,2,0
734,,58,IL,37927,5689,3,A,Phone,7:15:00 AM,4,5,0
735,,30,NY,78330,11750,0,C,Email,6:45:00 AM,5,1,0
736,,60,FL,96707,14506,0,A,Online Chat,8:15:00 AM,4,3,0
737,,62,IL,95428,14314,4,A,Online Chat,2:45:00 PM,6,2,0
738,,42,FL,80601,12090,1,B,Email,2:45:00 PM,4,1,1
739,,59,FL,32539,4881,3,A,Phone,4:45:00 AM,2,2,0
740,,53,NY,52669,7900,0,C,Email,3:00:00 PM,9,2,0
741,,44,TX,50644,7597,3,C,Phone,9:30:00 AM,2,1,1
742,,55,CA,48745,7312,3,A,Email,12:00:00 PM,9,2,0
743,,24,NY,58228,8734,1,C,Email,5:00:00 AM,3,2,0
744,,22,FL,64521,9678,0,C,Email,6:00:00 PM,1,2,0
745,,60,NY,56928,8539,0,A,Email,5:45:00 AM,2,1,0
746,,40,TX,48322,7248,0,A,Phone,5:45:00 PM,3,3,0
747,,48,IL,87714,13157,0,B,Phone,10:30:00 AM,1,1,0
748,,40,TX,92292,13844,1,B,Online Chat,3:30:00 PM,1,4,1
749,,59,CA,59055,8858,1,A,Email,3:00:00 PM,3,2,0
750,,27,NY,72891,10934,7,C,Phone,8:30:00 AM,5,2,1
751,,49,TX,36588,5488,0,C,Phone,6:00:00 PM,3,3,0
752,,60,FL,83000,12450,0,A,Phone,12:00:00 PM,9,2,0
753,,47,IL,37345,5602,0,A,Email,1:00:00 PM,1,2,0
754,,56,CA,59300,8895,1,B,Online Chat,6:30:00 AM,3,2,0
755,,48,NY,54259,8139,0,B,Phone,5:30:00 AM,3,2,0
756,,35,FL,45352,6803,0,A,Email,11:00:00 AM,5,2,0
757,,53,CA,63365,9505,2,C,Phone,10:15:00 AM,2,4,1
758,,19,TX,49446,7417,0,B,Phone,12:30:00 PM,6,1,0
759,,31,NY,32336,4850,2,C,Online Chat,6:00:00 PM,4,2,0
760,,30,TX,92032,13805,5,B,Phone,8:30:00 AM,9,2,1
761,,46,CA,37521,5628,8,B,Phone,3:00:00 PM,6,2,0
762,,29,CA,53481,8022,0,C,Email,2:30:00 PM,3,5,0
763,,56,IL,48474,7271,0,B,Email,6:45:00 AM,5,4,0
764,,40,CA,76760,11514,4,B,Online Chat,3:30:00 PM,4,2,1
765,,49,TX,85718,12858,2,C,Email,4:15:00 AM,5,5,0
766,,30,FL,74629,11194,4,B,Email,12:00:00 PM,1,2,1
767,,35,FL,75232,11285,0,B,Online Chat,6:00:00 PM,8,3,0
768,,44,NY,97169,14575,4,B,Phone,3:30:00 PM,5,3,1
769,,58,FL,80669,12100,2,A,Online Chat,2:45:00 PM,1,3,1
770,,34,TX,99184,14878,1,A,Email,1:45:00 PM,8,2,1
771,,57,CA,77945,11692,1,A,Online Chat,7:00:00 AM,1,3,0
772,,48,TX,43140,6471,0,A,Phone,3:00:00 PM,2,4,0
773,,51,NY,44357,6654,0,B,Online Chat,6:30:00 AM,4,4,0
774,,41,CA,98673,14801,3,A,Email,6:00:00 AM,2,5,0
775,,62,NY,95633,14345,6,A,Email,10:45:00 AM,4,2,0
776,,52,IL,42924,6439,0,C,Online Chat,10:15:00 AM,1,1,0
777,,23,FL,99286,14893,0,B,Phone,12:00:00 PM,2,2,0
778,,36,CA,87326,13099,7,A,Online Chat,6:30:00 AM,8,2,0
779,,47,FL,60651,9098,0,B,Phone,12:00:00 PM,1,2,0
780,,24,IL,78777,11817,2,B,Phone,11:45:00 AM,8,2,0
781,,27,TX,46994,7049,0,C,Online Chat,9:30:00 AM,2,1,0
782,,58,NY,97263,14589,0,A,Phone,2:45:00 PM,1,3,0
783,,49,FL,89634,13445,2,A,Email,12:45:00 PM,2,2,0
784,,51,CA,40800,6120,5,A,Online Chat,10:30:00 AM,2,4,0
785,,45,NY,67823,10173,6,A,Phone,3:15:00 PM,4,5,1
786,,32,CA,93878,14082,3,B,Email,12:00:00 PM,1,5,0
787,,47,NY,48708,7306,0,B,Online Chat,6:00:00 PM,5,4,0
788,,54,NY,42819,6423,1,C,Email,5:15:00 PM,6,2,0
789,,46,IL,93870,14081,0,B,Email,5:15:00 PM,9,1,0
790,,39,FL,39283,5892,1,B,Email,1:30:00 PM,1,3,0
791,,35,FL,60573,9086,2,C,Phone,11:00:00 AM,2,5,1
792,,37,NY,60933,9140,5,C,Online Chat,9:30:00 AM,1,3,1
793,,49,TX,83000,12450,5,C,Online Chat,10:00:00 AM,2,1,1
794,,53,TX,40983,6147,6,B,Phone,12:00:00 PM,7,2,0
795,,35,CA,48133,7220,0,B,Online Chat,3:15:00 PM,4,3,0
796,,44,CA,44939,6741,0,C,Email,2:00:00 PM,5,1,0
797,,34,CA,30781,4617,2,C,Online Chat,8:00:00 AM,7,3,0
798,,29,NY,86700,13005,2,C,Phone,8:15:00 AM,3,2,1
799,,39,CA,57624,8644,6,B,Email,12:00:00 PM,2,1,0
800,,34,CA,36823,5523,0,B,Phone,8:15:00 AM,7,3,0
801,,27,NY,48489,7273,1,A,Email,6:00:00 PM,5,2,0
802,,18,IL,69961,10494,0,C,Email,5:00:00 PM,1,2,0
803,,39,CA,59118,8868,0,B,Online Chat,6:45:00 AM,1,1,0
804,,43,IL,52263,7839,7,B,Email,8:00:00 AM,1,2,0
805,,35,FL,43565,6535,1,C,Phone,5:45:00 AM,5,5,1
806,,31,CA,50354,7553,0,B,Online Chat,12:00:00 PM,1,1,0
807,,35,TX,72951,10943,4,C,Phone,2:00:00 PM,1,2,1
808,,46,TX,53648,8047,0,A,Email,12:30:00 PM,9,2,0
809,,29,IL,15000,2250,4,A,Phone,2:00:00 PM,1,1,0
810,,53,TX,71971,10796,5,C,Phone,2:00:00 PM,4,4,1
811,,52,FL,48658,7299,1,C,Email,2:00:00 PM,3,5,1
812,,29,NY,51253,7688,3,C,Online Chat,2:00:00 PM,5,3,1
813,,24,TX,15000,2250,0,B,Phone,6:45:00 AM,1,1,0
814,,46,TX,78563,11784,9,A,Email,6:00:00 PM,8,2,0
815,,28,IL,56390,8459,0,C,Online Chat,12:00:00 PM,2,5,0
816,,50,FL,81578,12237,1,B,Online Chat,6:00:00 PM,7,2,0
817,,23,NY,62658,9399,1,A,Online Chat,2:00:00 PM,1,3,1
818,,64,CA,36852,5528,0,B,Phone,12:00:00 PM,7,1,0
819,,32,IL,32551,4883,4,A,Phone,6:00:00 PM,1,2,0
820,,49,FL,91001,13650,0,B,Phone,12:30:00 PM,2,2,0
821,,28,NY,79159,11874,0,A,Online Chat,9:30:00 AM,2,1,0
822,,40,FL,81707,12256,2,C,Phone,5:15:00 AM,1,5,1
823,,43,NY,63243,9486,2,B,Email,12:30:00 PM,6,1,0
824,,51,FL,51800,7770,0,C,Phone,12:30:00 PM,1,1,0
825,,35,IL,87828,13174,0,A,Phone,8:30:00 AM,3,1,0
826,,51,IL,37239,5586,0,C,Online Chat,7:00:00 AM,1,2,0
827,,46,CA,36710,5507,0,B,Phone,12:30:00 PM,3,4,0
828,,21,TX,51384,7708,1,C,Email,11:00:00 AM,8,3,0
829,,34,FL,51038,7656,0,C,Online Chat,12:30:00 PM,5,2,0
830,,52,CA,70846,10627,0,C,Email,10:15:00 AM,2,3,0
831,,30,TX,97821,14673,4,C,Online Chat,10:15:00 AM,4,4,1
832,,58,FL,67991,10199,3,C,Phone,7:45:00 AM,2,1,0
833,,56,NY,36971,5546,0,A,Phone,5:45:00 AM,4,1,0
834,,32,TX,59139,8871,9,A,Email,12:30:00 PM,8,3,0
835,,46,NY,67711,10157,3,A,Online Chat,2:00:00 PM,5,2,1
836,,46,CA,36530,5480,2,B,Phone,10:30:00 AM,1,3,1
837,,28,TX,41116,6167,0,C,Online Chat,12:30:00 PM,1,1,0
838,,49,TX,95794,14369,4,A,Online Chat,11:00:00 AM,3,1,1
839,,35,IL,30282,4542,5,B,Online Chat,12:45:00 PM,8,3,0
840,,64,FL,31898,4785,0,A,Online Chat,12:30:00 PM,3,5,0
841,,31,NY,34135,5120,0,A,Online Chat,6:30:00 AM,1,2,0
842,,37,IL,36629,5494,7,C,Online Chat,2:45:00 PM,5,4,1
843,,39,NY,95031,14255,1,B,Phone,12:00:00 PM,2,2,1
844,,28,FL,63380,9507,0,C,Online Chat,9:45:00 AM,4,1,0
845,,44,TX,47071,7061,0,C,Email,12:30:00 PM,1,2,0
846,,35,NY,50074,7511,0,A,Phone,1:30:00 PM,2,2,0
847,,34,CA,97843,14676,0,C,Email,12:30:00 PM,1,2,0
848,,61,CA,69901,10485,1,B,Online Chat,8:30:00 AM,8,2,0
849,,45,IL,41205,6181,3,C,Email,4:30:00 PM,4,1,0
850,,46,FL,85661,12849,2,C,Online Chat,6:30:00 AM,4,1,1
851,,38,IL,35906,5386,0,C,Online Chat,7:15:00 AM,2,3,0
852,,30,IL,32591,4889,0,A,Online Chat,12:30:00 PM,2,1,0
853,,33,IL,92987,13948,0,B,Phone,8:00:00 AM,5,3,0
854,,54,CA,93370,14006,2,A,Online Chat,11:15:00 AM,1,3,0
855,,37,CA,84400,12660,2,A,Phone,2:00:00 PM,3,4,1
856,,23,IL,55150,8273,0,C,Email,12:30:00 PM,4,1,0
857,,36,CA,61852,9278,2,A,Phone,12:00:00 PM,1,1,1
858,,22,FL,15000,2250,0,A,Phone,12:30:00 PM,7,1,0
859,,30,IL,82756,12413,3,B,Email,4:30:00 PM,1,3,0
860,,30,CA,86481,12972,1,C,Phone,2:00:00 PM,1,1,1
861,,55,NY,83000,12450,7,A,Online Chat,3:00:00 PM,1,5,1
862,,32,IL,63691,9554,0,A,Email,5:15:00 AM,5,4,0
863,,51,IL,31125,4669,0,B,Online Chat,1:15:00 PM,6,1,0
864,,52,FL,97065,14560,0,B,Email,12:30:00 PM,2,3,0
865,,42,TX,56170,8426,0,C,Online Chat,8:30:00 AM,2,1,0
866,,41,TX,38438,5766,1,B,Online Chat,7:00:00 AM,1,3,0
867,,29,FL,50095,7514,1,C,Phone,12:30:00 PM,7,1,0
868,,35,FL,46154,6923,0,A,Online Chat,7:30:00 AM,1,3,0
869,,32,FL,38004,5701,1,A,Phone,3:00:00 PM,1,4,1
870,,61,TX,39752,5963,0,A,Email,12:45:00 PM,2,1,0
871,,33,FL,85426,12814,4,B,Online Chat,8:00:00 AM,4,3,1
872,,44,CA,56819,8523,2,C,Online Chat,12:30:00 PM,8,1,0
873,,25,IL,54217,8133,0,B,Email,11:45:00 AM,1,1,0
874,,63,IL,62994,9449,0,A,Email,8:15:00 AM,2,3,0
875,,42,NY,45036,6755,5,B,Online Chat,10:30:00 AM,4,5,1
876,,34,NY,79416,11912,4,C,Email,6:45:00 AM,2,4,0
877,,46,NY,83000,12450,6,C,Phone,5:00:00 PM,2,4,1
878,,25,CA,30645,4597,0,C,Email,12:30:00 PM,5,4,0
879,,32,TX,60930,9140,0,B,Email,10:00:00 AM,9,1,0
880,,44,TX,60090,9014,2,B,Online Chat,5:00:00 PM,3,3,1
881,,30,CA,82142,12321,8,B,Phone,3:00:00 PM,2,1,0
882,,24,TX,56475,8471,0,C,Email,4:00:00 PM,4,5,0
883,,30,FL,48888,7333,0,B,Phone,9:00:00 AM,6,1,0
884,,46,IL,73732,11060,2,C,Phone,12:30:00 PM,6,1,0
885,,30,IL,76305,11446,4,B,Phone,12:45:00 PM,3,4,1
886,,41,CA,76037,11406,0,A,Online Chat,9:00:00 AM,5,1,0
887,,30,TX,39346,5902,0,B,Email,1:30:00 PM,3,5,0
888,,37,NY,30587,4588,0,B,Online Chat,6:00:00 AM,1,2,0
889,,30,NY,42763,6414,0,C,Email,6:00:00 AM,7,2,0
890,,32,TX,89165,13375,1,B,Email,7:45:00 AM,4,5,0
891,,42,NY,99615,14942,2,C,Online Chat,1:30:00 PM,7,1,0
892,,47,CA,66116,9917,0,C,Phone,7:15:00 AM,3,2,0
893,,31,CA,55556,8333,0,A,Phone,7:15:00 AM,5,3,0
894,,24,TX,15000,2250,0,C,Email,6:00:00 AM,5,3,0
895,,34,NY,48099,7215,0,C,Online Chat,4:45:00 PM,2,1,0
896,,30,CA,75096,11264,5,A,Phone,3:00:00 PM,2,5,1
897,,37,CA,43230,6485,2,C,Phone,10:45:00 AM,4,5,1
898,,53,FL,59009,8851,0,A,Email,11:15:00 AM,4,2,0
899,,26,FL,63866,9580,0,B,Email,6:00:00 AM,4,4,0
900,,55,CA,71855,10778,4,A,Online Chat,8:45:00 AM,6,2,0
901,,39,TX,36416,5462,0,C,Email,10:45:00 AM,2,2,0
902,,30,IL,85915,12887,4,A,Phone,6:00:00 AM,1,2,0
903,,41,IL,48058,7209,0,C,Phone,6:00:00 AM,7,2,0
904,,25,CA,70718,10608,0,B,Phone,9:45:00 AM,3,2,0
905,,28,CA,62602,9390,4,C,Phone,3:00:00 PM,2,1,0
906,,30,CA,88067,13210,4,B,Online Chat,10:30:00 AM,2,1,1
907,,34,TX,57516,8627,7,C,Online Chat,1:15:00 PM,4,2,0
908,,25,FL,31089,4663,0,C,Email,6:00:00 AM,5,4,0
909,,38,CA,67346,10102,0,B,Email,9:45:00 AM,2,1,0
910,,35,CA,40487,6073,3,A,Email,5:45:00 PM,7,1,0
911,,47,NY,30155,4523,0,A,Online Chat,6:00:00 AM,2,5,0
912,,35,TX,97494,14624,0,C,Phone,9:15:00 AM,6,3,0
913,,30,FL,68547,10282,0,B,Email,8:30:00 AM,3,2,0
914,,30,NY,94500,14175,1,B,Phone,1:30:00 PM,9,1,0
915,,48,IL,85296,12794,2,A,Email,6:00:00 AM,3,3,0
916,,55,CA,51447,7717,2,A,Email,9:00:00 AM,3,4,1
917,,49,CA,66598,9990,0,A,Email,12:00:00 PM,5,3,0
918,,28,NY,15000,2250,6,B,Email,1:00:00 PM,2,2,0
919,,62,TX,93278,13992,1,A,Phone,1:45:00 PM,8,2,0
920,,42,CA,85077,12762,0,A,Phone,5:15:00 AM,5,2,0
921,,50,IL,39528,5929,0,C,Email,11:00:00 AM,2,3,0
922,,55,FL,80100,12015,6,C,Phone,3:45:00 PM,5,5,1
923,,58,IL,38179,5727,0,A,Online Chat,2:15:00 PM,3,1,0
924,,25,FL,78781,11817,-7,B,Email,4:15:00 PM,6,3,0
925,,28,FL,85267,12790,2,B,Phone,2:00:00 PM,5,1,1
926,,39,IL,53952,8093,0,C,Online Chat,5:15:00 AM,4,3,0
927,,41,TX,83798,12570,3,A,Online Chat,6:45:00 AM,2,1,1
928,,58,CA,80939,12141,0,A,Online Chat,12:45:00 PM,2,3,0
929,,34,CA,59516,8927,3,B,Phone,3:00:00 PM,5,4,1
930,,29,FL,86526,12979,0,C,Email,11:30:00 AM,4,2,0
931,,63,IL,94000,14100,0,B,Online Chat,9:45:00 AM,8,2,0
932,,49,CA,80290,12044,5,C,Phone,3:30:00 PM,2,1,0
933,,32,CA,52746,7912,0,C,Email,6:15:00 AM,2,5,0
934,,33,TX,97990,14699,1,A,Phone,9:45:00 AM,3,4,1
935,,39,NY,88810,13322,0,C,Email,6:00:00 AM,3,2,0
936,,45,FL,45223,6783,6,A,Online Chat,12:30:00 PM,5,1,1
937,,37,FL,32597,4890,9,A,Email,4:00:00 PM,5,4,0
938,,50,NY,95677,14352,0,A,Phone,6:00:00 AM,2,3,0
939,,27,CA,32659,4899,0,C,Phone,9:00:00 AM,1,5,0
940,,57,FL,45037,6756,6,C,Online Chat,4:30:00 PM,1,1,0
941,,49,TX,76738,11511,10,B,Phone,4:15:00 PM,3,4,1
942,,50,FL,42109,6316,0,B,Email,6:00:00 AM,1,1,0
943,,19,TX,52010,7802,7,B,Email,6:00:00 AM,1,3,0
944,,50,NY,83000,12450,4,C,Online Chat,8:45:00 AM,2,2,1
945,,50,CA,38472,5771,2,A,Phone,6:00:00 AM,1,2,0
946,,58,NY,53383,8007,1,B,Online Chat,10:45:00 AM,6,1,0
947,,30,IL,91709,13756,0,C,Email,6:00:00 AM,3,1,0
948,,47,FL,99785,14968,0,A,Online Chat,10:30:00 AM,4,1,0
949,,50,TX,64518,9678,0,B,Phone,6:00:00 AM,2,2,0
950,,30,IL,83909,12586,2,A,Online Chat,9:00:00 AM,2,1,0
951,,43,TX,48351,7253,0,B,Phone,2:00:00 PM,7,2,0
952,,39,CA,99624,14944,2,B,Phone,7:45:00 AM,1,5,1
953,,56,FL,83330,12500,0,B,Email,7:45:00 AM,1,1,0
954,,19,CA,45282,6792,0,C,Email,6:00:00 AM,1,5,0
955,,55,FL,51778,7767,0,C,Email,8:30:00 AM,6,2,0
956,,56,FL,54264,8140,4,C,Phone,1:15:00 PM,3,5,1
957,,43,CA,89675,13451,0,B,Online Chat,6:00:00 AM,1,1,0
958,,63,FL,95000,14250,1,A,Phone,9:45:00 AM,6,3,0
959,,32,TX,78454,11768,0,C,Email,6:00:00 AM,2,4,0
960,,51,IL,58365,8755,0,A,Email,6:00:00 AM,1,2,0
961,,59,TX,78200,11730,2,A,Online Chat,3:00:00 PM,5,1,1
962,,45,FL,41002,6150,5,A,Email,9:45:00 AM,1,2,0
963,,57,FL,43947,6592,1,A,Email,4:15:00 AM,1,3,0
964,,28,TX,82142,12321,3,B,Email,2:00:00 PM,6,2,0
965,,34,TX,15000,2250,0,C,Online Chat,12:30:00 PM,2,1,0
966,,23,NY,34493,5174,4,C,Phone,12:30:00 PM,1,1,1
967,,26,CA,80085,12013,0,C,Email,5:15:00 AM,6,3,0
968,,23,FL,64228,9634,3,B,Online Chat,6:00:00 AM,4,1,1
969,,26,FL,81875,12281,3,A,Email,4:45:00 AM,8,3,0
970,,56,FL,61655,9248,4,A,Online Chat,3:00:00 PM,1,3,1
971,,48,NY,73472,11021,0,A,Email,5:00:00 AM,2,1,0
972,,49,TX,79437,11916,3,B,Online Chat,8:00:00 AM,1,2,1
973,,58,FL,79416,11912,0,A,Email,2:30:00 PM,1,3,0
974,,29,IL,89711,13457,3,C,Phone,10:15:00 AM,1,1,0
975,,25,TX,36816,5522,0,C,Email,6:15:00 AM,2,2,0
976,,25,NY,15000,2250,0,C,Online Chat,1:15:00 PM,5,3,0
977,,45,TX,76733,11510,0,B,Email,3:00:00 PM,2,5,0
978,,37,TX,41240,6186,0,A,Phone,7:45:00 AM,1,2,0
979,,64,FL,62762,9414,8,A,Email,9:30:00 AM,3,4,0
980,,24,FL,38259,5739,7,C,Online Chat,6:30:00 AM,4,5,1
981,,28,FL,80139,12021,3,C,Online Chat,3:00:00 PM,2,3,1
982,,37,CA,44849,6727,0,B,Phone,12:30:00 PM,2,1,0
983,,33,CA,84869,12730,5,A,Online Chat,12:15:00 PM,2,2,0
984,,34,FL,93095,13964,4,A,Email,12:30:00 PM,2,1,0
985,,23,IL,53567,8035,0,C,Email,6:00:00 AM,6,2,0
986,,39,TX,65292,9794,8,B,Email,12:30:00 PM,5,2,0
987,,43,IL,81631,12245,0,A,Online Chat,2:45:00 PM,4,3,0
988,,20,TX,39885,5983,0,C,Email,10:15:00 AM,4,5,0
989,,58,FL,89659,13449,0,B,Email,2:00:00 PM,4,1,0
990,,59,FL,84306,12646,3,B,Email,12:30:00 PM,5,5,0
991,,31,CA,96314,14447,3,C,Phone,3:00:00 PM,1,4,1
992,,28,IL,15000,2250,0,C,Online Chat,12:00:00 PM,1,3,0
993,,35,CA,59165,8875,2,C,Online Chat,5:30:00 AM,2,3,1
994,,29,FL,88929,13339,0,C,Online Chat,5:00:00 AM,4,2,0
995,,40,IL,97028,14554,0,C,Phone,5:30:00 PM,4,1,0
996,,29,TX,79812,11972,0,C,Online Chat,11:00:00 AM,4,2,0
997,,30,CA,80500,12075,3,A,Phone,3:00:00 PM,5,1,1
998,,42,NY,88643,13296,0,B,Phone,12:30:00 PM,2,2,0
999,,34,CA,74900,11235,1,A,Online Chat,12:30:00 PM,5,3,0
1000,,36,TX,72946,10942,1,A,Email,6:45:00 AM,5,1,0
